{"scope.version":"2","timeline.animationMode":"proMode","viewport.width":728,"viewport.height":90,"design.userpaddingleft":-728,"design.userpaddingtop":-236,"stage.mask":false,"design.scrollleft":702,"design.scrolltop":21,"library.openDirectories":[],"library.GroupsPath":{},"library.downloadedAssets":{},"timeline.previewRanges":{"page1":{"startMs":0}},"design.zoom":1.5,"ruler.guides.horizontal":[],"ruler.guides.vertical":[696],"ruler.guides.show":true,"ruler.guides.lock":false,"publish.local.isResponsivePublishedAsFixedSized":false,"publish.local.location":"./","publish.local.name":"728x90","publish.local.flatten":true,"publish.local.minify":true,"publish.local.inlineFiles":true,"publish.local.createZip":true,"publish.local.politeLoad":true,"publish.local.exportMozilla":true,"publish.local.exportWebkit":true,"publish.local.borderColor":"rgba(0,0,0,1)","publish.local.addBorder":false,"":false,"publish.local.skipLoadingDelay":false,"preview.bundleId":"92997869","publish.dbm.flatten":true,"publish.dbm.minify":true,"publish.dbm.inlineFiles":true,"publish.dbm.createZip":true,"publish.dbm.politeLoad":true,"publish.dbm.exportMozilla":true,"publish.dbm.exportWebkit":true,"publish.dbm.borderColor":"rgba(0,0,0,1)","publish.dbm.addBorder":false,"publish.dbm.isCustomFormat":false}