{"scope.version":"2","timeline.animationMode":"proMode","viewport.width":300,"viewport.height":600,"design.userpaddingleft":-451,"design.userpaddingtop":-600,"stage.mask":false,"design.scrollleft":150,"design.scrolltop":579,"library.openDirectories":[],"library.GroupsPath":{},"library.downloadedAssets":{},"design.zoom":1.5,"publish.local.isResponsivePublishedAsFixedSized":false,"publish.local.location":"./","publish.local.name":"300x600","publish.local.flatten":true,"publish.local.minify":true,"publish.local.inlineFiles":true,"publish.local.createZip":true,"publish.local.politeLoad":true,"publish.local.exportMozilla":true,"publish.local.exportWebkit":true,"publish.local.borderColor":"rgba(0,0,0,1)","publish.local.addBorder":false,"":false,"publish.local.skipLoadingDelay":false,"eventsPanel.layout":"{\"targetColumnWidth\":115,\"typeColumnWidth\":55,\"actionColumnWidth\":75,\"eventScope\":2}","preview.bundleId":"77662105","publish.dbm.flatten":true,"publish.dbm.minify":true,"publish.dbm.inlineFiles":true,"publish.dbm.createZip":true,"publish.dbm.politeLoad":true,"publish.dbm.exportMozilla":true,"publish.dbm.exportWebkit":true,"publish.dbm.borderColor":"rgba(0,0,0,1)","publish.dbm.addBorder":false,"publish.dbm.isCustomFormat":false}